Main Category,Topic,Surah:Ayat,SurahName:AyatNumber,Ayat in Arabic,Bangla Translation
আল্লাহ,আল্লাহর অস্তিত্ব,2:255,Al-Baqara:255,"اللَّهُ لَا إِلَٰهَ إِلَّا هُوَ الْحَيُّ الْقَيُّومُ لَا تَأْخُذُهُ سِنَةٌ وَلَا نَوْمٌ ۚ لَهُۥ مَا فِي السَّمَٰوَاتِ وَمَا فِي الْأَرْضِ ۗ مَنْ ذَا الَّذِي يَشْفَعُ عِنْدَهُ إِلَّا بِإِذْنِهِۦ ۝ يَعْلَمُ مَا بَيْنَ أَيْدِيهِمْ وَمَا خَلْفَهُمْ ۝ وَلَا يُحِيطُونَ بِشَيْءٍ مِّنْ عِلْمِهِ إِلَّا بِمَا شَاءَ ۝ وَسِعَ كُرْسِيُّهُ السَّمَاوَاتِ وَالْأَرْضِ ۝ وَلَا يَئُودُهُ حِفْظُهُمَا ۝ وَهُوَ الْعَلِيُّ الْعَظِيمُ","আল্লাহ্—তিনি ছাড়া কোনো সত্য উপাস্য নেই; তিনিই চিরঞ্জীব ও সর্বব্যাপক রক্ষক; তাঁকে তন্দ্রা বা নিদ্রা ছুঁয়েছে না; আসমান-যমীন তাঁর অধীন; তাঁর অনুমতি ছাড়া কেউ সুপারিশ করতে পারে না; তিনি সামনাও, পেছনো, আকাশ ও পাতালের সবকিছু জানেন; তাঁর ‘কুরসী’—সব ধরণ উপস্হিতের ওপরে; তা রক্ষণ করা তাঁর পক্ষে ক্লান্তিকর নয়; তিনিই সর্বোচ্চ, মহিমান্বিত।"
আল্লাহ,আল্লাহ সর্বজ্ঞানী,6:59,Al-An'am:59,"وَعِنْدَهُۥ مَفَاتِحُ الْغَيْبِ لَا يَعْلَمُهَا إِلَّا هُوَ ۝ وَيَعْلَمُ مَا فِي الْبَرِّ وَالْبَحْرِ ۝ وَمَا تَسْقُطُ مِنْ وَرَقَةٍ إِلَّا يَعْلَمُهَا ۝ وَلَا حَبَّةٍ فِي ظُلُمَاتِ الْأَرْضِ وَلَا رَطْبٍ وَلَا يَابِسٍ إِلَّا فِي كِتَابٍ مُّبِينٍ","অদৃশ্য রহস্যের চাবিকাঠি তাঁরই কাছে; স্থল ও সাগরের সমস্ত কিছু; একটা পাতাও না, যা পড়ে গেছে—তারও হিসাব আছে; মাটির অন্ধকারে ভেজা বা শুকনো শস্য—এগুলো সমস্তই স্পষ্ট এক পুস্তকে লিপিবদ্ধ।"
আল্লাহ,আল্লাহ সর্বশক্তিমান,2:20,Al-Baqara:20,"يَكَادُ الْبَرْقُ يَخْطَفُ أَبْصَارَهُمْ ۝ كُلَّمَا أَضَاءَ لَهُم مَّشَوْا فِيهِ ۝ وَإِذَا أَظْلَمَ عَلَيْهِمْ قَامُوا ۝ وَلَوْ شَاءَ اللَّهُ لَذَهَبَ بِسَمْعِهِمْ وَأَبْصَارِهِمْ ۝ إِنَّ اللَّهَ عَلَىٰ كُلِّ شَيْءٍ قَدِيرٌ","বিদ্যুৎ তাদের দৃষ্টি এমন স্পর্শ করতে চাই—একবার আলো দিলে তারা হাঁটে, অন্ধকার হলে থেমে যায়; যদি আল্লাহ চাইতেন, দৃষ্টি ও শ্রবণও নিয়ে যেত; কারণ আল্লাহ সবকিছুতে ক্ষমতাবান।"
আল্লাহ,আল্লাহ সবকিছুতে অবগত,6:3,Al-An'am:3,"وَهُوَ اللَّهُ فِي السَّمَاوَاتِ وَفِي الْأَرْضِ يَعْلَمُ سِرَّكُمْ وَجَهْرَكُمْ وَيَعْلَمُ مَا تَكْسِبُونَ","তিনি আকাশে ও পৃথিবীতে আল্লাহ; তিনি জানেন তোমাদের গোপন কথাবার্তা ও প্রকাশ করা, এবং জানতে পারেন তোমরা যা উপার্জন করো।"
আল্লাহ,আল্লাহ সর্বত্র উপস্থিত,57:4,Al-Hadid:4,"هُوَ الَّذِي خَلَقَ السَّمَاوَاتِ وَالْأَرْضَ فِي سِتَّةِ أَيَّامٍ ۝ ثُمَّ اسْتَوَىٰ عَلَى الْعَرْشِ ۝ يَعْلَمُ مَا يَلِجُ فِي الْأَرْضِ وَمَا يَخْرُجُ مِنْهَا ۝ وَمَا يَنزِلُ مِنَ السَّمَاءِ وَمَا يَعْرُجُ فِيهَا ۝ وَهُوَ مَعَكُمْ أَيْنَ مَا كُنتُمْ ۝ وَاللَّهُ بِمَا تَعْمَلُونَ بَصِيرٌ","তিনি ছয় দিনে আকাশ ও পৃথিবী সৃষ্টি করেছেন এবং তাঁর সিংহাসনে অধিষ্ঠিত হয়েছেন। তিনি জানেন যা মাটিতে ঢোকে আর বেরিয়ে আসে; যা নেমে আসে আকাশ থেকে ও যা উঠে যায়; এবং তোমরা যেখানে থাকো, তিনি সেখানে তোমাদের সঙ্গে; আল্লাহ তোমাদের কাজসমূহ পরিপূর্ণরূপে জানেন।"
আল্লাহ,আল্লাহর সাহায্য,3:123,Aal-E-Imran:123,"وَلَقَدْ نَصَرَكُمُ اللَّهُ بِبَدْرٍ وَأَنْتُمْ أَذِلَّةٌ ۖ فَاتَّقُوا اللَّهَ لَعَلَّكُمْ تَشْكُرُونَ","আল্লাহ তোমাদের বেদরের যুদ্ধে—যখন তোমরা অধস্তন ছিলে—বিজয় উপহার দিয়েছেন। তাই আল্লাহর ভয় কর, যাতে তোমরা কৃতজ্ঞতা জানাও।"
আল্লাহ,আল্লাহর গুণাবলি,59:22-24,Al-Hashr:22-24,"هُوَ اللَّهُ الَّذِي لَا إِلَٰهَ إِلَّا هُوَ عَالِمُ الْغَيْبِ وَالشَّهَادَةِ ۖ هُوَ الرَّحْمَٰنُ الرَّحِيمُ  • هُوَ اللَّهُ الَّذِي لَا إِلَٰهَ إِلَّا هُوَ الْمَلِكُ الْقُدُّوسُ السَّلَامُ الْمُؤْمِنُ الْمُهَيْمِنُ الْعَزِيزُ الْجَبَّارُ الْمُتَكَبِّرُ ۖ سُبْحَانَ اللَّهِ عَمَّا يُشْرِكُونَ  • هُوَ اللَّهُ الْخَالِقُ الْبَارِئُ الْمُصَوِّرُ ۖ لَهُۥ الْأَسْمَاءُ الْحُسْنَىٰ ۖ يُسَبِّحُ لَهُۥ مَا فِي السَّمَاوَاتِ وَالْأَرْضِ ۖ وَهُوَ الْعَزِيزُ الْحَكِيمُ","তিনি আল্লাহ, তিনি একমাত্র উপাস্য—অদৃশ্য ও প্রকাশিত সমস্ত কিছুর জ্ঞানী; তিনি পরম করুণাময়। তিনি রাজা, পবিত্র, শান্তিদাতা, নিরাপদ রাখে, পাহারাদার, পরাক্রমশালী, জবরদস্ত, গর্বিত; তাঁর প্রতি কোনো অপনা অপ্রয়োগযোগ্য, সকল প্রশংসা তাঁর পবিত্রতার জন্য। তিনি সৃষ্টি, সৃষ্টি করিয়েছেন, আকৃতি প্রদান করেন; তাঁরই জন্য সুন্দরতম নাম; যা কিছু আকাশে ও পৃথিবীতে আছে, সব তার প্রশংসা করে; তিনি পরাক্রমশালী, প্রজ্ঞাবান।"
আল্লাহ,আল্লাহর সাথে কেহ তুলনা নেই,112:1-4,Al-Ikhlas:1-4,"قُلْ هُوَ اللَّهُ أَحَدٌ  • اللَّهُ الصَّمَدُ  • لَمْ يَلِدْ وَلَمْ يُولَدْ  • وَلَمْ يَكُن لَّهُۥ كُفُوًا أَحَدٌ","বল — তিনি আল্লাহ, এক; আল্লাহ আমাদের সব প্রয়োজন পূর্ণকারী; তিনি জন্ম দেননি, জন্ম নেই তাকে; এবং তাঁর সমকক্ষ কেউ নেই।"
আল্লাহ,আল্লাহর প্রতি ভরসা,3:160,Aal-E-Imran:160,"إِن يَنصُرْكُمُ اللَّهُ فَلَا غَالِبَ لَكُمْ ۖ وَإِن يَخْذُلْكُمْ فَمَن ذَا الَّذِي يَنصُرُكُم مِّن بَعْدِهِ ۚ وَعَلَى اللَّهِ فَلْيَتَوَكَّلِ الْمُؤْمِنُونَ","যদি আল্লাহ তোমাদের সাহায্য করে, তবে তোমাদের পরাজিত করতে কোনো পারদর্শী নয়; আর যদি তিনি তোমাদের পরিত্যাগ করেন, তবে কে তোমাদের সাহায্য করবে? তাহলে যে বিশ্বাসীরা আল্লাহর ওপর ভরসা করে, তাদের উপর নির্ভর কর।"
আল্লাহ,আল্লাহর ভয়,3:102,Aal-E-Imran:102,"يَا أَيُّهَا الَّذِينَ آمَنُوا اتَّقُوا اللَّهَ حَقَّ تُقَاتِهِۦ وَلَا تَمُوتُنَّ إِلَّا وَأَنْتُمْ مُسْلِمُونَ","হে ঈমানদারগণ! আল্লাহর ভয় কর যেমন ভয় কর তোমাকে তাঁর ভয় হওয়া উচিত; এবং মুসলিম অবস্থায় মারা যাও না।"
আল্লাহ,আল্লাহর ইচ্ছা,76:30,Al-Insan:30,"وَمَا تَشَاءُونَ إِلَّا أَنْ يَشَاءَ اللَّهُ إِنَّ اللَّهَ كَانَ عَلِيمًا حَكِيمًا","তোমরা যা চাই, তাহলেই হবে না — যদি না আল্লাহ চান; নিশ্চয়ই আল্লাহ সর্বজ্ঞ ও প্রজ্ঞাবান।"
আল্লাহ,আল্লাহ কাউকে ক্ষমা করেন,39:53,Az-Zumar:53,"قُلْ يٰعِبَادِىَ الَّذِينَ أَسْرَفُوا عَلَى أَنفُسِهِمْ لَا تَقْنَطُوا مِن رَّحْمَةِ اللَّهِ إِنَّ اللَّهَ يَغْفِرُ الذُّنُوبَ جَمِيعًا إِنَّهُ هُوَ الْغَفُورُ الرَّحِيمُ","বল — ‘হে আমার অনন্ত গোনাহে নিমজ্জিত সেবাগণ! আল্লাহর রহমতের আশা থেকে হতাশ হযো না; নিশ্চয়ই আল্লাহ সমস্ত পাপ মাফ করেন, তিনি পরম ক্ষমাশীল ও দয়ালু।’"
আল্লাহ,আল্লাহ কাউকে শাস্তি দেন,2:7,Al-Baqara:7,"خَتَمَ اللَّهُ عَلَىٰ قُلُوبِهِمْ وَعَلَىٰ سَمْعِهِمْ وَعَلَىٰ أَبْصَارِهِمْ غِشَاوَةٌ وَلَهُمْ عَذَابٌ عَظِيمٌ","আল্লাহ তাদের হৃদয়, শ্রবণ ও দৃষ্টিকে মোল্লা দিয়েছেন; তারা পথভ্রষ্ট; তাদের জন্য আছে তীব্র শাস্তি।"
আল্লাহ,আল্লাহ কাউকে পথ প্রদর্শন করেন,28:56,Al-Qasas:56,"إِنَّكَ لَا تَهْدِي مَنْ أَحْبَبْتَ وَلَٰكِنَّ اللَّهَ يَهْدِي مَنْ يَشَاءُ وَهُوَ أَعْلَمُ بِالْمُهْتَدِينَ","তুমি (হে মুহাম্মদ) যাকে চাও, তাকে পথপ্রদর্শন করতে পারবে না; তবে আল্লাহ যাকে চান, তাঁকে পথ দেখান; তিনিই যথার্থ পথ চলা মানুষের ওপর বিজ্ঞ।"
আল্লাহ,আল্লাহ কাউকে কাউকে পথভ্রষ্টও করেন,2:26,Al-Baqara:26,"إِنَّ اللَّهَ لَا يَسْتَحْيِي أَنْ يَضْرِبَ مَثَلًا مَّا بَعُوضَةً فَمَا فَوْقَهَا ۚ فَأَمَّا الَّذِينَ آمَنُوا فَيَعْلَمُونَ أَنَّهُ الْحَقُّ مِن رَّبِّهِمْ وَأَمَّا الَّذِينَ كَفَرُوا فَيَقُولُونَ مَاذَا أَرَادَ اللَّهُ بِهَٰذَا مَثَلًا يُضِلُّ بِهِ كَثِيرًا وَيَهْدِي بِهِ كَثِيرًا وَلَا يُضِلُّ بِهِ إِلَّا الْفَاسِقِينَ","নিশ্চয়ই আল্লাহ লজ্জা পান না মশার মতো সর্বনিম্ন উদাহরণ দিয়ে। যারা বিশ্বাস করে, তাঁরা বুঝে এটি তাদের রবের সত্য; আর যারা ঈমান না আনে, তাঁরা প্রশ্ন করে: ‘এমন উদাহরণে আল্লাহ কী বোঝাতে চান?’ এতে অনেককে গুমরাহ ও অনেককে পথ দেখায় — তবে গুমরাহ করে তা শুধু সঠিক পথ ত্যাগীদেরই।"
আল্লাহ,আল্লাহর রিজিক প্রদান,51:58,Adh-Dhariyat:58,"إِنَّ اللَّهَ هُوَ الرَّزَّاقُ ذُو الْقُوَّةِ الْمَتِينُ","নিশ্চয়ই আল্লাহই হচ্ছেন পরিপূর্ণ রিযিকদাতা, পরাক্রান্ত শক্তির অধিকারী, অটল ও অদম্য।"
আল্লাহ,আল্লাহর মালিকানা,3:26,Aal-E-Imran:26,"قُلِ اللَّهُمَّ مَالِكَ الْمُلْكِ تُؤْتِي الْمُلْكَ مَن تَشَاءُ وَتَرْزُقُ مَن تَشَاءُ وَتُعِزُّ مَنْ تَشَاءُ وَتُذِلُّ مَن تَشَاءُ ۖ بِيَدِكَ الْخَيْرُ ۖ إِنَّكَ عَلَىٰ كُلِّ شَيْءٍ قَدِيرٌ","বল — হে আল্লাহ, তুমি মালিক করেছ রাজ্যের; দাও করো যাকে চাও, গ্রহণ করো যাকে চাও, সম্মান করো যাকে চাও, ঘৃণিত করো যাকে চাও; ভালোর সমস্তই তোমার হাতে; তুমি সবকিছুর উপর ক্ষমতাবান।"
আল্লাহ,আল্লাহর দয়ালু ও করুণাময়তা,1:1-3,Al-Fatiha:1-3,"بِسْمِ اللَّهِ الرَّحْمَٰنِ الرَّحِيمِ  • الْحَمْدُ لِلَّهِ رَبِّ الْعَالَمِينَ  • الرَّحْمَٰنِ الرَّحِيمِ","আল্লাহর নামে, যিনি পরম করুণাময়, পরম দয়ালু; সমস্ত প্রশংসা আল্লাহরই, যিনি জাতিনির্মাতা; পরম করুণাময়, পরম দয়ালু।"
আল্লাহ,আল্লাহর বিচারকের ভূমিকা,95:8,At-Tin:8,"أَلَيْسَ اللَّهُ بِأَحْكَمِ الْحَاكِمِينَ","তুমি কি দেখোনি, আল্লাহ কি সর্বশ্রেষ্ঠ বিচারক?"
আল্লাহ,আল্লাহর নির্দেশ পালন,4:59,An-Nisa:59,"يَا أَيُّهَا الَّذِينَ آمَنُوا أَطِيعُوا اللَّهَ وَأَطِيعُوا الرَّسُولَ وَأُولِي الْأَمْرِ مِنكُمْ","হে ঈমানদারগণ! আল্লাহর আদেশ পালন করো, রসুলের আদেশ মানো, এবং তোমাদের মাঝে যারা দায়িত্বে নিয়োজিত—তাঁদের কথাও—।"
নামাজ,নামাজের সময় নির্ধারণ,4:103,An-Nisa:103,"فَإِذَا قَضَيْتُمُ الصَّلَاةَ فَاذْكُرُوا اللَّهَ قِيَامًا وَقُعُودًا وَعَلَى جُنُوبِكُمْ ۝ فَإِذَا اطْمَأْنَنْتُمْ فَأَقِيمُوا الصَّلَاةَ ۝ إِنَّ الصَّلَاةَ كَانَتْ عَلَى الْمُؤْمِنِينَ كِتَابًا مَوْقُوتًا","যখনে নামায শেষ করো, তখন দাঁড়িয়ে, বসে ও শুয়ে আল্লাহকে স্মরণ কর; আর যখন নিরাপদ অবস্থায় পৌঁছাবে, তখন নিয়ম অনুযায়ী নামায প্রতিষ্ঠা কর; নিশ্চিতভাবে নামায ঈমানদারদের জন্য নির্ধারিত সময়ে ফরজ।"
নামাজ,নামাজে দাঁড়ানো,23:2,Al-Mu’minun:2,"الَّذِينَ هُمْ فِي صَلَاتِهِمْ خَاشِعُونَ","যারা তাদের নামাযে সম্পূর্ণ ভক্তি ও বিনয়ের সঙ্গে বাঁধা থাকে।"
নামাজ,নামাজে খুশু,23:2,Al-Mu’minun:2,"الَّذِينَ هُمْ فِي صَلَاتِهِمْ خَاشِعُونَ","যারা নামাযে হৃদয়পূর্ণ খুশু (নাম্রতা) বজায় রাখে।"
নামাজ,নামাজের মাধ্যমেই উদ্ধার,29:45,Al-Ankabut:45,"اتْلُ مَا أُوحِيَ إِلَيْكَ مِنَ الْكِتَابِ وَأَقِمِ الصَّلَاةَ ۚ إِنَّ الصَّلَاةَ تَنْهَىٰ عَنِ الْفَحْشَاءِ وَالْمُنكَرِ ۗ وَلَذِكْرُ اللَّهِ أَكْبَرُ ۗ وَاللَّهُ يَعْلَمُ مَا تَصْنَعُونَ","যা কুরআন তোমার দিকে অবতীর্ণ হয়েছে তা পাঠ করো, এবং নামায প্রতিষ্ঠা করো; নামায অপকর্ম ও অন্যায় থেকে বিরত রাখে; আর আল্লাহর স্মরণই সবচেয়ে বড়; এবং আল্লাহ তোমাদের যা কর, জানে।"
নামাজ,নামাজে ধৈর্য ও সাহায্য প্রার্থনা,2:153,Al-Baqara:153,"يَا أَيُّهَا الَّذِينَ آمَنُوا اسْتَعِينُوا بِالصَّبْرِ وَالصَّلَاةِ ۚ إِنَّ اللَّهَ مَعَ الصَّابِرِينَ","হে ঈমানদারগণ! তুমি সহনশীলতা ও নামায দ্বারা সহায়তা গ্রহণ কর; নিশ্চয়ই আল্লাহ ধৈর্যশীলদের সঙ্গে রয়েছেন।"
নামাজ,নামাজে গাফিল,107:5,Al-Ma'un:5,"ٱلَّذِينَ هُمْ عَن صَلَاتِهِمْ سَاهُونَ","যারা তাদের নামায সম্পর্কে গাফিল।"
নামাজ,নামাজের মাধ্যমে তাকওয়া অর্জন,2:2-3,Al-Baqara:2-3,"ذَٰلِكَ ٱلْكِتَٰبُ لَا رَيْبَ ۛ فِيهِ ۛ هُدًى لِّلْمُتَّقِينَ ﴿٢﴾ ٱلَّذِينَ يُؤْمِنُونَ بِٱلْغَيْبِ وَيُقِيمُونَ ٱلصَّلَاةَ وَمِمَّا رَزَقْنَـٰهُمْ يُنفِقُونَ ﴿٣﴾","এটি সেই কিতাব যাতে কোনো সন্দেহ নেই। এটি মুত্তাকীদের জন্য পথনির্দেশ। যারা গায়েবে বিশ্বাস করে, সালাত কায়েম করে এবং আমি তাদের যে রিযিক দিয়েছি, তা থেকে ব্যয় করে।"
নামাজ,নামাজে শৈথিল্য,19:59,Maryam:59,"فَخَلَفَ مِنۢ بَعْدِهِمْ خَلْفٌ أَضَاعُوا۟ ٱلصَّلَاةَ وَٱتَّبَعُوا ٱلشَّهَوَٰتِ ۖ فَسَوْفَ يَلْقَوْنَ غَيًّا","এরপর তাদের পরে এমন এক প্রজন্ম এল যারা সালাত নষ্ট করল ও খেয়াল-খুশির অনুসরণ করল। তারা অচিরেই ধ্বংসের সম্মুখীন হবে।"
নামাজ,নামাজ এবং যাকাত,2:83,Al-Baqara:83,"وَإِذْ أَخَذْنَا مِيثَٰقَ بَنِىٓ إِسْرَٰٓءِيلَ لَا تَعْبُدُونَ إِلَّا ٱللَّهَ وَبِٱلْوَٰلِدَيْنِ إِحْسَٰنًا وَذِى ٱلْقُرْبَىٰ وَٱلْيَتَـٰمَىٰ وَٱلْمَسَـٰكِينِ وَقُولُوا۟ لِلنَّاسِ حُسْنًۭا وَأَقِيمُوا ٱلصَّلَوٰةَ وَءَاتُوا ٱلزَّكَوٰةَ","যখন আমি বনী ইসরাঈলের কাছ থেকে অঙ্গীকার নিয়েছিলাম যে, ‘তোমরা আল্লাহ ছাড়া অন্য কারো ইবাদত করবে না, পিতা-মাতা, আত্মীয়, এতিম ও মিসকিনদের প্রতি সদ্ব্যবহার করবে, এবং মানুষের সঙ্গে উত্তম কথা বলবে, সালাত কায়েম করবে ও যাকাত দেবে।’"
নামাজ,নামাজ এবং কুরবানী,108:2,Al-Kawthar:2,"فَصَلِّ لِرَبِّكَ وَٱنْحَرْ","তাহলে তোমার প্রতিপালকের জন্য সালাত আদায় করো এবং কুরবানি করো।"
নামাজ,নামাজ না পড়া অপরাধ,74:43,Al-Muddaththir:43,"قَالُوا۟ لَمْ نَكُ مِنَ ٱلْمُصَلِّينَ","তারা বলবে, ‘আমরা সালাত আদায়কারীদের অন্তর্ভুক্ত ছিলাম না।’"
নামাজ,নামাজের সময় নির্ধারণ,4:103,An-Nisa:103,"إِنَّ ٱلصَّلَوٰةَ كَانَتْ عَلَى ٱلْمُؤْمِنِينَ كِتَٰبًۭا مَّوْقُوتًۭا","নিশ্চয়ই সালাত ঈমানদারদের জন্য নির্ধারিত সময়ের এক ফরজ বিধান।"
নামাজ,নামাজে দাঁড়ানো,2:238,Al-Baqara:238,"حَـٰفِظُوا عَلَى ٱلصَّلَوَٰتِ وَٱلصَّلَوٰةِ ٱلْوُسْطَىٰ وَقُومُوا لِلَّهِ قَـٰنِتِينَ","তোমরা সালাতসমূহ রক্ষা করো, বিশেষ করে মধ্যবর্তী সালাত, এবং আল্লাহর উদ্দেশ্যে বিনয় সহকারে দাঁড়াও।"
নামাজ,নামাজের পদ্ধতি,17:78-79,Al-Isra:78-79,"أَقِمِ ٱلصَّلَوٰةَ لِدُلُوكِ ٱلشَّمْسِ إِلَىٰ غَسَقِ ٱلَّيْلِ وَقُرْءَانَ ٱلْفَجْرِ ۖ إِنَّ قُرْءَانَ ٱلْفَجْرِ كَانَ مَشْهُودًۭا ﴿٧٨﴾ وَمِنَ ٱلَّيْلِ فَتَهَجَّدْ بِهِۦ نَافِلَةًۭ لَّكَ عَسَىٰٓ أَن يَبْعَثَكَ رَبُّكَ مَقَامًۭا مَّحْمُودًۭا ﴿٧٩﴾","তুমি সালাত কায়েম করো সূর্য ঢলে পড়া থেকে রাত্রির অন্ধকার পর্যন্ত, আর ফজরের কুরআন (তিলাওয়াত) নিশ্চয়ই সাক্ষীযুক্ত। আর রাত্রির কিছু অংশে তাহাজ্জুদ পড়ো, এটা তোমার জন্য অতিরিক্ত; আশা করা যায়, তোমার রব তোমাকে প্রশংসিত স্থানে প্রতিষ্ঠিত করবেন।"
নামাজ,নামাজের মর্যাদা,2:277,Al-Baqara:277,"إِنَّ ٱلَّذِينَ ءَامَنُوا۟ وَعَمِلُوا۟ ٱلصَّـٰلِحَـٰتِ وَأَقَامُوا۟ ٱلصَّلَوٰةَ وَءَاتَوُا۟ ٱلزَّكَوٰةَ لَهُمْ أَجْرُهُمْ عِندَ رَبِّهِمْ ۖ وَلَا خَوْفٌ عَلَيْهِمْ وَلَا هُمْ يَحْزَنُونَ","যারা ঈমান আনে, সৎকর্ম করে, সালাত কায়েম করে ও যাকাত দেয়, তাদের জন্য তাদের রবের নিকট পুরস্কার রয়েছে। তাদের কোনো ভয় নেই এবং তারা দুঃখিতও হবে না।"
নামাজ,নামাজ কায়েমকারীদের সফলতা,23:1-2,Al-Mu’minun:1-2,"قَدْ أَفْلَحَ ٱلْمُؤْمِنُونَ ﴿١﴾ ٱلَّذِينَ هُمْ فِى صَلَاتِهِمْ خَـٰشِعُونَ ﴿٢﴾","নিশ্চয়ই সফল তারা — যারা ঈমান এনেছে। যারা নিজেদের সালাতে বিনয় ও خشু (নম্রতা ও মনোযোগ) প্রকাশ করে।"
নামাজ,নামাজকে উপেক্ষা করা,107:4-5,Al-Ma'un:4-5,"فَوَيْلٌ لِّلْمُصَلِّينَ ﴿٤﴾ ٱلَّذِينَ هُمْ عَن صَلَاتِهِمْ سَاهُونَ ﴿٥﴾","অতএব ধ্বংস তাদের জন্য — যারা সালাত আদায় করে, কিন্তু তারা নিজেদের সালাত থেকে গাফিল।"
নামাজ,নামাজ না পড়ার কারণে শাস্তি,74:42-43,Al-Muddaththir:42-43,"مَا سَلَكَكُمْ فِى سَقَرَ ﴿٤٢﴾ قَالُوا۟ لَمْ نَكُ مِنَ ٱلْمُصَلِّينَ ﴿٤٣﴾","‘তোমরা কেন সাকার (জাহান্নাম)-এ পড়েছো?’ তারা বলবে, ‘আমরা নামাজ আদায়কারীদের অন্তর্ভুক্ত ছিলাম না।’"
নামাজ,নামাজে খুশু ও মনোযোগ,23:2,Al-Mu’minun:2,"ٱلَّذِينَ هُمْ فِى صَلَاتِهِمْ خَـٰشِعُونَ","যারা তাদের সালাতে একান্তভাবে বিনয়াবনত থাকে।"
নামাজ,নামাজ ও তাকওয়ার সম্পর্ক,2:2-3,Al-Baqara:2-3,"ذَٰلِكَ ٱلْكِتَـٰبُ لَا رَيْبَ ۛ فِيهِ ۛ هُدًۭى لِّلْمُتَّقِينَ ﴿٢﴾ ٱلَّذِينَ يُؤْمِنُونَ بِٱلْغَيْبِ وَيُقِيمُونَ ٱلصَّلَوٰةَ","এটি সেই কিতাব যাতে কোনো সন্দেহ নেই। এটি মুত্তাকীদের জন্য পথনির্দেশ, যারা অদৃশ্যের প্রতি ঈমান আনে এবং সালাত কায়েম করে।"
নামাজ,নামাজ না রক্ষা করা,19:59,Maryam:59,"فَخَلَفَ مِنۢ بَعْدِهِمْ خَلْفٌ أَضَاعُوا۟ ٱلصَّلَاةَ وَٱتَّبَعُوا ٱلشَّهَوَٰتِ","তাদের পরে এমন এক জাতি এল যারা সালাত নষ্ট করল এবং খেয়াল-খুশির অনুসরণ করল।"
নামাজ,নামাজের আদেশ,29:45,Al-Ankabut:45,"ٱتْلُ مَآ أُوحِىَ إِلَيْكَ مِنَ ٱلْكِتَـٰبِ وَأَقِمِ ٱلصَّلَوٰةَ ۖ إِنَّ ٱلصَّلَوٰةَ تَنْهَىٰ عَنِ ٱلْفَحْشَآءِ وَٱلْمُنكَرِ","আপনার প্রতি কিতাবে যা ওহি করা হয়েছে, তা তিলাওয়াত করুন এবং সালাত কায়েম করুন। নিশ্চয়ই সালাত অশ্লীলতা ও গোনাহ থেকে বিরত রাখে।"
নামাজ,নামাজে ধৈর্য ও সাহায্য প্রার্থনা,2:153,Al-Baqara:153,"يَـٰٓأَيُّهَا ٱلَّذِينَ ءَامَنُوا۟ ٱسْتَعِينُوا۟ بِٱلصَّبْرِ وَٱلصَّلَوٰةِ ۚ إِنَّ ٱللَّهَ مَعَ ٱلصَّـٰبِرِينَ","হে ঈমানদারগণ! ধৈর্য ও সালাতের মাধ্যমে সাহায্য প্রার্থনা করো। নিশ্চয়ই আল্লাহ ধৈর্যশীলদের সঙ্গে আছেন।"
নামাজ,নামাজের মধ্যমত্ব ও গুরুত্ব,2:238,Al-Baqara:238,"حَـٰفِظُوا عَلَى ٱلصَّلَوَٰتِ وَٱلصَّلَوٰةِ ٱلْوُسْطَىٰ","তোমরা সালাতসমূহের প্রতি যত্নবান হও, বিশেষ করে মধ্যবর্তী সালাতের প্রতি।"
নামাজ,নামাজের প্রতিদান,4:162,An-Nisa:162,"وَٱلْمُقِيمِينَ ٱلصَّلَوٰةَ وَٱلْمُؤْتُونَ ٱلزَّكَوٰةَ وَٱلْمُؤْمِنُونَ بِٱللَّهِ وَٱلْيَوْمِ ٱلْـَٔاخِرِ ۚ أُو۟لَـٰٓئِكَ سَنُؤْتِيهِمْ أَجْرًا عَظِيمًا","আর যারা সালাত কায়েম করে, জাকাত প্রদান করে, আল্লাহ ও পরকালকে বিশ্বাস করে — আমি তাদেরকে মহাপুরস্কার প্রদান করব।"
যাকাত,যাকাত আদায়ের নির্দেশ,2:110,Al-Baqara:110,"وَأَقِيمُوا الصَّلَاةَ وَآتُوا الزَّكَاةَ وَمَا تُقَدِّمُوا لِأَنفُسِكُم مِّنْ خَيْرٍ تَجِدُوهُ عِندَ اللَّهِ إِنَّ اللَّهَ بِمَا تَعْمَلُونَ بَصِيرٌ","নামায স্থাপন করো এবং যকাত দাও; এবং যা খুশিমতো তোমরা ভালো দাও নিজের জন্য, তা আল্লাহর কাছে তুমি পাবে; নিশ্চয়ই আল্লাহ তোমাদের কাজের প্রতি পণ্ডিত।"
যাকাত,যাকাত ফরজ হওয়া,9:103,At-Tawbah:103,"خُذْ مِنْ أَمْوَالِهِمْ صَدَقَةً تُطَهِّرُهُمْ وَتُزَكِّيهِمْ بِهَا وَصَلِّ عَلَيْهِمْ إِنَّ صَلَاتَكَ سَكَنٌ لَهُمْ وَاللَّهُ سَمِيعٌ عَلِيمٌ","তোমরা তাদের সম্পদের মধ্য থেকে নির্দিষ্ট পরিমাণ নেও; তা তাদের ন্যায় ও পবিত্র করবে; তাদের জন্য দোয়া করো—নিশ্চয় তোমার দোয়া তাদের জন্য শান্তির কারণ; এবং আল্লাহ শুনছেন, জানেন।"
যাকাত,যাকাত আদায় না করলে শাস্তি,9:34,At-Tawbah:34,"يَا أَيُّهَا الَّذِينَ آمَنُوا إِنَّ كَثِيرًا مِّنَ الْأَحْبَارِ وَالرُّهْبَانِ لَيَأْكُلُونَ أَمْوَالَ النَّاسِ بِالْبَاطِلِ وَيَصُدُّونَ عَن سَبِيلِ اللَّهِ ۗ وَالَّذِينَ يَكْنِزُونَ الذَّهَبَ وَالْفِضَّةَ وَلَا يُنفِقُونَهَا فِي سَبِيلِ اللَّهِ فَبَشِّرْهُم بِعَذَابٍ أَلِيمٍ","হে ঈমানদারগণ! পন্ডিত ও সংসারবিরাগীদের অনেকে লোকদের মালামাল অন্যায়ভাবে ভোগ করে চলছে এবং আল্লাহর পথ থেকে লোকদের নিবৃত রাখছে। আর যারা স্বর্ণ ও রূপা জমা করে রাখে এবং তা ব্যয় করে না আল্লাহর পথে, তাদের কঠোর আযাবের সুসংবাদ শুনিয়ে দিন।"
যাকাত,যাকাত আদায় না করলে শাস্তি,9:35,At-Tawbah:35,"يَوْمَ يُحْمَىٰ عَلَيْهَا فِي نَارِ جَهَنَّمَ ثُمَّ قَالَتْ هَٰذَا مَا أَنفَقْتُهُ وَلَمْ أَكُن بِمِنَ الْمُسْرِفِينَ","সেই দিন যখন তা জাহান্নামের আগুনে পোড়ানো হবে, তারপর তা বলবে: ’এই হলো আমি দিয়েছি; কিন্তু আমি অতিরিক্ত ছিলাম না।’"
যাকাত,যাকাতের খাত নির্ধারণ,9:60,At-Tawbah:60,"إِنَّمَا الصَّدَقَاتُ لِلْفُقَرَاءِ وَالْمَسَاكِينِ وَالْعَامِلِينَ عَلَيْهَا وَالْمُؤَلَّفَةِ قُلُوبُهُمۡ وَفِي الرِّقَابِ وَالْغَارِمِينَ وَفِي سَبِيلِ اللَّهِ وَابْنِ السَّبِيلِۚ فَرِيضَةً مِّنَ اللَّهِ ۗ وَاللَّهُ عَلِيمٌ حَكِيمٌ","নিশ্চয়ই যাকাত (সদকা) হয়: গরীব, দরিদ্র, যারা সংগ্রহ করে, এমন ব্যক্তিদের হৃদয় জান্নাতে আকৃষ্ট করার জন্য, বন্দিদের মুক্তি, ঋণের বোঝা বহনকারীদের জন্য, আল্লাহর পথে, পথিকদের জন্য; এটি আল্লাহর পক্ষ থেকে একটি ফরয; এবং আল্লাহ জ্ঞানী, প্রজ্ঞাবান।"
যাকাত,মুনাফিকদের যাকাত গ্রহণ না করা,9:54,At-Tawbah:54,"وَمَا مَنَعَهُمْ أَن تُقْبَلَ مِنْهُمْ نَفَقَاتُهُمْ إِلَّا أَنَّهُمْ كَفَرُوا بِاللَّهِ وَبِرَسُولِهِۦ وَلَا يَأْتُونَ ٱلصَّلَوٰةَ إِلَّا وَهُمْ كُسَالَىٰ وَلَا يُنفِقُونَ إِلَّا وَهُمْ كَٰرِهُونَ","তাদের দান গ্রহণ না করার একমাত্র কারণ হলো তারা আল্লাহ ও তাঁর রসূলকে অস্বীকার করেছে। তারা নামাজে আসে অলসভাবে এবং তারা দান করে অনিচ্ছাসহকারে।"
যাকাত,আয় রোজগারের পর যাকাত আদায়,2:267,Al-Baqara:267,"يَا أَيُّهَا الَّذِينَ آمَنُوا أَنفِقُوا مِن طَيِّبَاتِ مَا كَسَبْتُمْ وَمِمَّا أَخْرَجْنَا لَكُم مِّنَ الْأَرْضِ ۖ وَلَا تَيَمَّمُوا الْخَبِيثَ مِنْهُ تُنفِقُونَ وَلَسْتُم بِآخِذِيهِ إِلَّا أَن تُغْمِضُوا فِيهِ ۚ وَاعْلَمُوا أَنَّ اللَّهَ غَنِيٌّ حَمِيدٌ","হে ঈমানদারগণ! তোমরা তোমাদের অর্জিত উত্তম জিনিস এবং যা আমি তোমাদের জন্য ভূমি থেকে বের করেছি তার উত্তম অংশ থেকে ব্যয় করো, আর নিকৃষ্ট জিনিস থেকে ব্যয় করতে যেয়ো না, যা তোমরা নিজেই গ্রহণ করতে লজ্জাবোধ করবে, যদি না চোখ বন্ধ করে নাও। আর জেনে রাখো, আল্লাহ অভাবমুক্ত ও প্রশংসিত।"
যাকাত,যাকাত না দেওয়া কৃপণতা,47:38,Muhammad:38,"هَٰأَنتُمْ هَٰؤُلَاءِ تُدْعَوْنَ لِتُنفِقُوا فِي سَبِيلِ اللَّهِ فَمِنكُم مَّن يَبْخَلُ ۖ وَمَن يَبْخَلْ فَإِنَّمَا يَبْخَلُ عَن نَّفْسِهِۦ ۚ وَاللَّهُ الْغَنِيُّ وَأَنتُمُ الْفُقَرَاءُ ۚ وَإِن تَتَوَلَّوْا يَسْتَبْدِلْ قَوْمًا غَيْرَكُمْ ثُمَّ لَا يَكُونُوا أَمْثَالَكُم","দেখো, তোমাদের আল্লাহর পথে ব্যয় করতে আহ্বান করা হচ্ছে, কিন্তু তোমাদের মধ্যে কেউ কেউ কৃপণতা করে; আর যে কৃপণতা করে, সে তা নিজেরই অমঙ্গল করে; আল্লাহ অভাবমুক্ত, তোমরাই গরিব; যদি তোমরা মুখ ফিরিয়ে নাও, তাহলে তিনি তোমাদের পরিবর্তে অন্য একটি জাতিকে নিয়ে আসবেন, যারা তোমাদের মতো হবে না।"
যাকাত,যাকাত ও আত্মশুদ্ধি,92:18,Al-Lail:18,"الَّذِي يُؤْتِي مَالَهُ يَتَزَكَّىٰ","যে ব্যক্তি তার ধন-সম্পদ দান করে আত্মশুদ্ধির উদ্দেশ্যে।"
যাকাত,সামাজিক ন্যায়বিচার প্রতিষ্ঠায় যাকাত,2:177,Al-Baqara:177,"لَّيْسَ الْبِرَّ أَن تُوَلُّوا وُجُوهَكُمْ قِبَلَ الْمَشْرِقِ وَالْمَغْرِبِ وَلَٰكِنَّ الْبِرَّ مَنْ آمَنَ بِاللَّهِ وَالْيَوْمِ الْآخِرِ... وَآتَى الْمَالَ عَلَىٰ حُبِّهِۦ ذَوِي الْقُرْبَىٰ وَالْيَتَامَىٰ وَالْمَسَاكِينَ وَابْنَ السَّبِيلِ وَالسَّائِلِينَ وَفِي الرِّقَابِ","ধর্মপুণ্য কেবল পূর্ব বা পশ্চিম দিকে মুখ ফেরানো নয়; বরং প্রকৃত পুণ্য হলো: যে ব্যক্তি আল্লাহ, আখিরাত, ফেরেশতা, কিতাব ও নবীদের প্রতি ঈমান আনে এবং আল্লাহর ভালোবাসায় আত্মীয়-স্বজন, এতিম, মিসকিন, মুসাফির, ভিক্ষুক এবং দাস মুক্তির জন্য সম্পদ ব্যয় করে।"
পাপ ও গোনাহ,অবৈধ উপার্জন,2:188,Al-Baqara:188,"وَلَا تَأۡكُلُوٓا۟ أَمۡوَٰلَكُمۡ بَيۡنَكُمۡ بِٱلۡبَٰطِلِ وَتُدۡلُوا۟ بِهَآ إِلَى ٱلۡحُكَّٰمِ لِتَأۡكُلُوا۟ فَرِيقٗا مِّنۡ أَمۡوَٰلِ ٱلنَّاسِ بِٱلۡإِثۡمِ وَأَنتُمۡ تَعۡلَمُونَ","আর অন্যের সম্পদ অবৈধভাবে গ্রহণ করো না; এবং বিচারিক সাহায্যের নামে তা সভাপতি হিসেবে সংগ্রহ করো না—যাতে তুমি অবৈধভাবে সম্পদের একটি অংশ গ্রহণ করতে পারো, যদিও তুমি জানো এটা পাপ।"
পাপ ও গোনাহ,পাপ কাজের শাস্তি,45:7-8,Al-Jathiya:7-8,"وَيْلٌ لِّكُلِّ أَفَّاكٍ أَثِيمٍ ۝ يَسْمَعُ آيَاتِ اللَّهِ تُتْلَىٰ عَلَيْهِ ثُمَّ يُصِرُّ مُسْتَكْبِرًا كَأَن لَّمْ يَسْمَعْهَا ۖ فَبَشِّرْهُ بِعَذَابٍ أَلِيمٍ","ধ্বংস প্রত্যেক মিথ্যাবাদী পাপাচারের জন্য। যে আল্লাহর আয়াতসমূহ শুনে, তবুও অহংকারের কারণে সে তা অগ্রাহ্য করে, যেন সে তা শুনেইনি। সুতরাং তাকে যন্ত্রনাদায়ক শাস্তির সুসংবাদ দাও।"
পাপ ও গোনাহ,গোনাহ মানুষের কর্মফল,4:79,An-Nisa:79,"مَا أَصَابَكَ مِنْ حَسَنَةٍ فَمِنَ اللَّهِ ۖ وَمَا أَصَابَكَ مِن سَيِّئَةٍ فَمِن نَّفْسِكَ ۚ وَأَرْسَلْنَاكَ لِلنَّاسِ رَسُولًا ۚ وَكَفَىٰ بِاللَّهِ شَهِيدًا","আপনার নিকট যে কল্যাণ পৌঁছে, তা আল্লাহর পক্ষ থেকে; আর যে অকল্যাণ পৌঁছে, তা আপনারই কারণে। আমি আপনাকে মানুষের প্রতি রাসূল হিসেবে প্রেরণ করেছি, এবং সাক্ষী হিসেবে আল্লাহই যথেষ্ট।"
পাপ ও গোনাহ,ছোট ও বড় গোনাহ,53:32,An-Najm:32,"ٱلَّذِينَ يَجْتَنِبُونَ كَبَٰٓئِرَ ٱلْإِثْمِ وَٱلْفَوَٰحِشَ إِلَّا ٱللَّمَمَ ۚ إِنَّ رَبَّكَ وَٰسِعُ ٱلْمَغْفِرَةِ ۚ هُوَ أَعْلَمُ بِكُمْ إِذْ أَنشَأَكُم مِّنَ ٱلْأَرْضِ وَإِذْ أَنتُمْ أَجِنَّةٌ فِي بُطُونِ أُمَّهَٰتِكُمْ ۖ فَلَا تُزَكُّوٓا أَنفُسَكُمْ ۖ هُوَ أَعْلَمُ بِمَنِ ٱتَّقَىٰ","যারা বড় গোনাহ ও অশ্লীলতা থেকে বিরত থাকে—তুচ্ছ ব্যতিক্রম ছাড়া। নিশ্চয়ই তোমার প্রতিপালক অপরিসীম ক্ষমাশীল। তিনি তোমাদের সে সময় থেকেই জানেন, যখন তিনি তোমাদের সৃষ্টি করেছেন ও যখন তোমরা মাতৃগর্ভে ছিলে। অতএব তোমরা নিজেদের পবিত্রতা প্রচার করো না। তিনিই ভালো জানেন কে তাকওয়াবান।"
পাপ ও গোনাহ,অহংকার ও গর্ব,31:18,Luqman:18,"وَلَا تُصَعِّرْ خَدَّكَ لِلنَّاسِ وَلَا تَمْشِ فِي ٱلْأَرْضِ مَرَحًا ۖ إِنَّ ٱللَّهَ لَا يُحِبُّ كُلَّ مُخْتَالٍ فَخُورٍ","তুমি মানুষের প্রতি অবজ্ঞার সঙ্গে মুখ ফিরিয়ে নিও না, এবং পৃথিবীতে দম্ভভরে চলো না। নিশ্চয়ই আল্লাহ কোনো অহঙ্কারী, দাম্ভিককে পছন্দ করেন না।"
পাপ ও গোনাহ,পরনিন্দা ও গীবত,49:12,Al-Hujurat:12,"يَـٰٓأَيُّهَا ٱلَّذِينَ ءَامَنُوا ٱجْتَنِبُوا كَثِيرٗا مِّنَ ٱلظَّنِّ إِنَّ بَعْضَ ٱلظَّنِّ إِثْمٞ ۖ وَلَا تَجَسَّسُوا وَلَا يَغْتَب بَّعْضُكُم بَعْضًا ۚ أَيُحِبُّ أَحَدُكُمْ أَن يَأْكُلَ لَحْمَ أَخِيهِ مَيِّتٗا فَكَرِهْتُمُوهُ ۚ وَٱتَّقُوا ٱللَّهَ ۚ إِنَّ ٱللَّهَ تَوَّابٞ رَّحِيمٌ","হে ঈমানদারগণ! অনেক ধারণা থেকে দূরে থাকো; কিছু ধারণা তো পাপ। গুপ্তচরবৃত্তি করো না, এবং তোমাদের কেউ কারও গীবত করো না। তোমাদের কেউ কি চায় তার মৃত ভাইয়ের গোশত খেতে? তা তো তোমরা ঘৃণা করো। অতএব আল্লাহকে ভয় করো। নিশ্চয়ই আল্লাহ তাওবাহ কবুলকারী, পরম দয়ালু।"
পাপ ও গোনাহ,মিথ্যা বলা,22:30,Al-Hajj:30,"فَٱجْتَنِبُوا ٱلرِّجْسَ مِنَ ٱلْأَوْثَٰنِ وَٱجْتَنِبُوا قَوْلَ ٱلزُّورِ","সুতরাং মূর্তিপূজার অপবিত্রতা থেকে বিরত থাকো এবং মিথ্যা কথা বলাও বর্জন করো।"
পাপ ও গোনাহ,অবৈধ উপার্জন,2:188,Al-Baqara:188,"وَلَا تَأْكُلُوٓا أَمْوَٰلَكُم بَيْنَكُم بِٱلْبَٰطِلِ وَتُدْلُوا بِهَآ إِلَى ٱلْحُكَّامِ لِتَأْكُلُوا فَرِيقٗا مِّنْ أَمْوَٰلِ ٱلنَّاسِ بِٱلْإِثْمِ وَأَنتُمْ تَعْلَمُونَ","তোমরা একে অপরের সম্পদ অবৈধভাবে খেয়ো না এবং বিচারকের নিকট তা পৌঁছে দিও না, যাতে করে অন্যদের সম্পদের কিছু পাপাচারে আত্মসাৎ করতে পারো—যখন তোমরা জানো।"
পাপ ও গোনাহ,ব্যভিচার ও পরকীয়া,17:32,Al-Isra:32,"وَلَا تَقْرَبُوا ٱلزِّنَىٰٓ إِنَّهُۥ كَانَ فَٰحِشَةٗ وَسَآءَ سَبِيلٗا","তোমরা ব্যভিচারের কাছেও যেয়ো না। নিশ্চয়ই এটি অশ্লীল কাজ এবং নিকৃষ্ট পথ।"
পাপ ও গোনাহ,খুন ও রক্তপাত,5:32,Al-Ma'idah:32,"مِنْ أَجْلِ ذَٰلِكَ كَتَبْنَا عَلَىٰ بَنِيٓ إِسْرَٰٓءِيلَ أَنَّهُۥ مَن قَتَلَ نَفْسًۭا بِغَيْرِ نَفْسٍ أَوْ فَسَادٖ فِي ٱلْأَرْضِ فَكَأَنَّمَا قَتَلَ ٱلنَّاسَ جَمِيعٗا ۖ وَمَنْ أَحْيَاهَا فَكَأَنَّمَآ أَحْيَا ٱلنَّاسَ جَمِيعٗا ۚ","এ জন্যই আমি বনী ইসরাঈলের ওপর লিখে দিয়েছি যে, কেউ কাউকে হত্যা করলে (কোনো প্রাণের বিনিময় ছাড়া বা দুনিয়ায় ফাসাদ ছড়ানো ব্যতীত), তবে সে যেন সমগ্র মানবজাতিকেই হত্যা করল। আর কেউ যদি একটি প্রাণকে জীবিত রাখে, তবে সে যেন গোটা মানবজাতিকেই বাঁচিয়ে রাখল।"
পাপ ও গোনাহ,সীমালঙ্ঘন ও অন্যায়,2:190,Al-Baqara:190,"وَقَاتِلُوا فِي سَبِيلِ ٱللَّهِ ٱلَّذِينَ يُقَٰتِلُونَكُمْ وَلَا تَعْتَدُوٓا ۚ إِنَّ ٱللَّهَ لَا يُحِبُّ ٱلْمُعْتَدِينَ","আর তোমাদের বিরুদ্ধে যারা লড়াই করে, তাদের বিরুদ্ধে তোমরাও আল্লাহর পথে লড়াই করো, কিন্তু সীমালঙ্ঘন করো না। নিশ্চয়ই আল্লাহ সীমালঙ্ঘনকারীদের ভালোবাসেন না।"
পাপ ও গোনাহ,গোনাহ থেকে ফিরে আসা,24:31,An-Nur:31,"وَتُوبُوٓا إِلَى ٱللَّهِ جَمِيعًا أَيُّهَ ٱلْمُؤْمِنُونَ لَعَلَّكُمْ تُفْلِحُونَ","তোমরা সকলেই আল্লাহর কাছে তওবা করো, হে ঈমানদারগণ! যাতে তোমরা সফল হতে পারো।"
পাপ ও গোনাহ,আল্লাহর দয়া ও করুণা,6:54,Al-An'am:54,"وَإِذَا جَآءَكَ ٱلَّذِينَ يُؤْمِنُونَ بِـَٔايَـٰتِنَا فَقُلْ سَلَـٰمٌ عَلَيْكُمْ ۖ كَتَبَ رَبُّكُمْ عَلَىٰ نَفْسِهِ ٱلرَّحْمَةَ","যখন তোমার নিকট আমার আয়াতে বিশ্বাসী লোকেরা আসে, তখন তুমি বলো, ‘তোমাদের প্রতি শান্তি বর্ষিত হোক।’ তোমাদের প্রতিপালক তাঁর উপর রহমত আবশ্যক করেছেন।"
পাপ ও গোনাহ,আল্লাহর ক্ষমাশীলতা,2:222,Al-Baqara:222,"إِنَّ ٱللَّهَ يُحِبُّ ٱلتَّوَّٰبِينَ وَيُحِبُّ ٱلْمُتَطَهِّرِينَ","নিশ্চয়ই আল্লাহ তওবাকারীদের ভালবাসেন এবং যারা নিজেদের পবিত্র রাখে, তাদেরও ভালবাসেন।"
পাপ ও গোনাহ,আল্লাহর রহমত অপরিসীম,7:156,Al-A'raf:156,"وَرَحْمَتِي وَسِعَتْ كُلَّ شَيْءٍ ۚ فَسَأَكْتُبُهَا لِلَّذِينَ يَتَّقُونَ","আর আমার রহমত সব কিছুকে পরিব্যাপ্ত করেছে। সুতরাং আমি তা নির্ধারিত করব তাদের জন্য যারা তাকওয়া অবলম্বন করে।"
পাপ ও গোনাহ,তওবা করে পূণ্যের দিকে ফিরে আসা,25:70,Al-Furqan:70,"إِلَّا مَن تَابَ وَءَامَنَ وَعَمِلَ عَمَلًا صَـٰلِحًا فَأُو۟لَـٰٓئِكَ يُبَدِّلُ ٱللَّهُ سَيِّـَٔاتِهِمْ حَسَنَـٰتٍۢ ۗ وَكَانَ ٱللَّهُ غَفُورًۭا رَّحِيمًۭا","তবে যারা তওবা করে, ঈমান আনে এবং সৎকর্ম করে, আল্লাহ তাদের মন্দ কাজগুলো পুণ্যে পরিণত করবেন। নিশ্চয়ই আল্লাহ অতি ক্ষমাশীল, পরম দয়ালু।"
পাপ ও গোনাহ,তওবার দোয়া,3:193,Aal-E-Imran:193,"رَبَّنَآ إِنَّنَا سَمِعْنَا مُنَادِيًۭا يُنَادِى لِلْإِيمَـٰنِ أَنْ ءَامِنُوا۟ بِرَبِّكُمْ فَـَٔامَنَّا ۚ رَبَّنَا فَٱغْفِرْ لَنَا ذُنُوبَنَا وَكَفِّرْ عَنَّا سَيِّـَٔاتِنَا وَتَوَفَّنَا مَعَ ٱلْأَبْرَارِ","হে আমাদের প্রতিপালক! আমরা একজন আহ্বানকারীকে শুনেছি, সে ঈমানের দিকে আহ্বান করছিল—‘তোমাদের রবের প্রতি ঈমান আনো’—সুতরাং আমরা ঈমান এনেছি। হে আমাদের রব! তুমি আমাদের গোনাহ ক্ষমা করো, আমাদের মন্দ কাজগুলো মোচন করো এবং আমাদের সৎকর্মশীলদের সাথে মৃত্যু দান করো।"
পাপ ও গোনাহ,আল্লাহর কাছে সাহায্যের প্রার্থনা,3:147,Aal-E-Imran:147,"وَمَا كَانَ قَوْلَهُمْ إِلَّآ أَن قَالُوا۟ رَبَّنَا ٱغْفِرْ لَنَا ذُنُوبَنَا وَإِسْرَافَنَا فِىٓ أَمْرِنَا وَثَبِّتْ أَقْدَامَنَا وَٱنصُرْنَا عَلَى ٱلْقَوْمِ ٱلْكَـٰفِرِينَ","তাদের একমাত্র কথা ছিল: ‘হে আমাদের রব! তুমি আমাদের গোনাহসমূহ ও আমাদের ব্যাপারে আমাদের বাড়াবাড়িগুলো ক্ষমা করো; আমাদের পা দৃঢ় করো এবং কাফির জাতির বিরুদ্ধে আমাদের সাহায্য করো।’"
পাপ ও গোনাহ,আল্লাহর কাছে নিরাপত্তা প্রার্থনা,23:97-98,Al-Mu’minun:97-98,"وَقُل رَّبِّ أَعُوذُ بِكَ مِنْ هَمَزَٰتِ ٱلشَّيَـٰطِينِ ﴿٩٧﴾ وَأَعُوذُ بِكَ رَبِّ أَن يَحْضُرُونِ ﴿٩٨﴾","আর বলো: ‘হে আমার প্রতিপালক! আমি আশ্রয় চাই তোমার নিকট শয়তানদের কুমন্ত্রণা থেকে, এবং আমি তোমার নিকট আশ্রয় চাই, হে আমার রব! যাতে তারা আমার কাছে না আসে।’"
পাপ ও গোনাহ,আল্লাহর কাছে বিজয়ের দোয়া,2:250,Al-Baqara:250,"رَبَّنَآ أَفْرِغْ عَلَيْنَا صَبْرًۭا وَثَبِّتْ أَقْدَامَنَا وَٱنصُرْنَا عَلَى ٱلْقَوْمِ ٱلْكَـٰفِرِينَ","হে আমাদের প্রতিপালক! আমাদের ওপর ধৈর্য ঢেলে দাও, আমাদের পদদণ্ড মজবুত করো এবং কাফিরদের বিরুদ্ধে আমাদের সাহায্য করো।"
পাপ ও গোনাহ,আল্লাহর কাছে তাওয়াক্কুলের দোয়া,3:173,Aal-E-Imran:173,"حَسْبُنَا ٱللَّهُ وَنِعْمَ ٱلْوَكِيلُ","আল্লাহই আমাদের জন্য যথেষ্ট, এবং তিনিই উত্তম সাহায্যকারী।"
